time,type
1325471278646,Sedan
1325567689728,Hatchback
1388725860717,Hatchback
1418215552061,Hatchback
1419338955541,Hatchback
1420483695740,Hatchback
1420980404513,Hatchback
1421037624392,Sedan
1421640847020,Hatchback
1421934831017,Hatchback
1422571274254,Sedan
1422591553271,Sedan
1422730386203,Sedan
1422761889305,Hatchback
1422849435467,Sedan
1422858797374,Hatchback
1422890686904,Hatchback
1422936521662,Hatchback
1422944174402,Hatchback
1422950513557,Sedan
1422978743575,Sedan
1423215186360,Hatchback
1423223701186,Hatchback
1423281784723,Hatchback
1423285249101,Sedan
1423291192662,Hatchback
1423293552536,Sedan
1423303612321,Nano
1423395334085,Sedan
1423398360849,Hatchback
1423415618271,Sedan
1423435057345,Hatchback
1423452311576,Sedan
1423462964274,Hatchback
1423466885832,Hatchback
1423472970484,Hatchback
1423483186844,Hatchback
1423487608497,Sedan
1423491038437,Sedan
1423501611277,Sedan
1423511923154,Hatchback
1423520758545,Hatchback
1423540779204,Sedan
1423545445229,Hatchback
1423549565996,Hatchback
1423551876726,Sedan
1423552864295,Hatchback
1423553613499,Sedan
1423555132883,Sedan
1423564587672,Hatchback
1423565915363,Hatchback
1423569974413,Hatchback
1423580273374,Hatchback
1423623496960,Sedan
1423625990653,Sedan
1423630320127,Hatchback
1423633383887,Hatchback
1423634591192,Sedan
1423640490763,Hatchback
1423644563878,Sedan
1423665146715,Sedan
1423666312743,Hatchback
1423666997232,Hatchback
1423672020351,Hatchback
1423672041502,Hatchback
1423674719013,Sedan
1423674724714,Sedan
1423684198003,Sedan
1423698303834,Hatchback
1423717114269,Sedan
1423719437632,Sedan
1423722530201,Sedan
1423722700827,Sedan
1423723849744,Hatchback
1423728726085,Hatchback
1423731017816,Hatchback
1423732359744,Nano
1423733176384,Sedan
1423734121620,Sedan
1423738774222,Hatchback
1423746753143,Sedan
1423746817403,Nano
1423748156304,Hatchback
1423748335934,Sedan
1423752408181,Hatchback
1423753046257,Hatchback
1423753063584,Sedan
1423754229949,Hatchback
1423754589765,Hatchback
1423754973824,Hatchback
1423755655793,Hatchback
1423757311463,Hatchback
1423758395168,Hatchback
1423758943350,Hatchback
1423760006193,Sedan
1423760151339,Sedan
1423761705201,Hatchback
1423762868374,Sedan
1423763301179,Sedan
1423764663947,Hatchback
1423765744172,Sedan
1423768584639,Hatchback
1423771294189,Sedan
1423781306949,Hatchback
1423782202997,Hatchback
1423786717725,Sedan
1423789175554,Sedan
1423789968640,Hatchback
1423789978919,Hatchback
1423790026378,Sedan
1423793536456,Sedan
1423794009929,Hatchback
1423795625084,Sedan
1423798068823,Sedan
1423798231694,Sedan
1423800899675,Hatchback
1423801606440,Hatchback
1423804408866,Hatchback
1423804568878,Sedan
1423804985896,Hatchback
1423805063030,Sedan
1423806204281,Hatchback
1423806248847,Hatchback
1423807503819,Sedan
1423807843955,Sedan
1423808047999,Hatchback
1423808259217,Sedan
1423811046684,Sedan
1423811772997,Nano
1423813757269,Sedan
1423814451804,Hatchback
1423816516998,Hatchback
1423817245448,Hatchback
1423817366452,Hatchback
1423818098051,Hatchback
1423818551685,Nano
1423818574329,Sedan
1423818707298,Hatchback
1423819566249,Hatchback
1423820414412,Nano
1423820691321,Hatchback
1423820736415,Hatchback
1423821075108,Sedan
1423821105300,Sedan
1423823041731,Hatchback
1423823606913,Sedan
1423824253091,Hatchback
1423824518782,Hatchback
1423824609855,Hatchback
1423824735395,Hatchback
1423825047703,Hatchback
1423825327986,Hatchback
1423825397227,Sedan
1423825403312,Hatchback
1423825466599,Hatchback
1423825758455,Sedan
1423825843861,Hatchback
1423826208377,Sedan
1423826352248,Hatchback
1423826907439,Sedan
1423826961470,Sedan
1423826972896,Sedan
1423827226528,Sedan
1423827284074,Nano
1423827352584,Sedan
1423827869664,Hatchback
1423827890361,Hatchback
1423828101131,Sedan
1423828222194,Sedan
1423828778373,Hatchback
1423828849793,Hatchback
1423829216611,Hatchback
1423829456326,Hatchback
1423829544011,Hatchback
1423829557324,Sedan
1423830048084,Nano
1423830142527,Hatchback
1423830400123,Nano
1423830710011,Nano
1423830715260,Hatchback
1423830751600,Hatchback
1423830793808,Hatchback
1423830811726,Hatchback
1423830873035,Hatchback
1423831042309,Nano
1423831048510,Hatchback
1423831331941,Hatchback
1423831524684,Nano
1423831545983,Hatchback
1423831572499,Sedan
1423831729115,Sedan
1423831766014,Hatchback
1423831812539,Sedan
1423831910261,Hatchback
1423832313254,Nano
1423832607320,Hatchback
1423832691979,Hatchback
1423832721106,Sedan
1423832817448,Sedan
1423833106377,Hatchback
1423833141412,Hatchback
1423833211970,Hatchback
1423833358741,Hatchback
1423833642727,Nano
1423833769100,Hatchback
1423833817186,Hatchback
1423833856256,Hatchback
1423833918602,Hatchback
1423833921177,Hatchback
1423833946135,Sedan
1423834140813,Sedan
1423834183750,Nano
1423834190464,Sedan
1423834244530,Hatchback
1423834702183,Hatchback
1423834704240,Hatchback
1423834760223,Sedan
1423834816114,Nano
1423835058524,Sedan
1423835069262,Nano
1423835179114,Hatchback
1423835202319,Hatchback
1423835319736,Hatchback
1423835372062,Sedan
1423835393370,Sedan
1423835508541,Hatchback
1423835645700,Hatchback
1423835705916,Hatchback
1423836031905,Hatchback
1423836126503,Hatchback
1423836193055,Sedan
1423836292333,Hatchback
1423836307971,Sedan
1423836413758,Nano
1423836644586,Hatchback
1423836832134,Hatchback
1423837157695,Hatchback
1423837167461,Nano
1423837275558,Sedan
1423837295165,Sedan
1423837341120,Hatchback
1423837423859,Hatchback
1423837954977,Hatchback
1423838093668,Hatchback
1423838162603,Hatchback
1423838307308,Nano
1423838356248,Sedan
1423838570540,Hatchback
1423838611984,Nano
1423838642290,Sedan
1423838690263,Hatchback
1423838765435,Sedan
1423838802065,Hatchback
1423838904959,Sedan
1423838945865,Sedan
1423839042424,Hatchback
1423839052741,Hatchback
1423839134858,Sedan
1423839143527,Hatchback
1423839166269,Hatchback
1423839291058,Hatchback
1423839445127,Sedan
1423839635106,Sedan
1423839767249,Hatchback
1423839795555,Hatchback
1423839990131,Hatchback
1423840015161,Sedan
1423840087324,Hatchback
1424085950459,Hatchback
1424140528221,Nano
1424147494261,Sedan
1424154992258,Nano
1424190729216,Hatchback
1424247653182,Hatchback
1424568469424,Nano
1424672954300,Hatchback
1424702066568,Sedan
1424771425156,Hatchback
1424838838455,Sedan
1425025739147,Hatchback
1425040209386,Hatchback
1425094965834,Sedan
1425274636231,Hatchback
1425382446346,Hatchback
1425549919426,Hatchback
1425556309374,Hatchback
1425631972932,Sedan
1425967510451,Hatchback
1425992217841,Hatchback
1426030550802,Nano
1426072714073,Sedan
1426074250161,Sedan
1426248220989,Sedan
1426337063067,Nano
1426371401337,Sedan
1426480707295,Sedan
1426480769981,Sedan
1426494576105,Hatchback
1426497218132,Hatchback
1426517232620,Hatchback
1426554168521,Nano
1426588270140,Hatchback
1426661927071,Hatchback
1426675852703,Sedan
1426726895323,Hatchback
1426781330431,Hatchback
1426887834005,Sedan
1427094558863,Hatchback
1427108906158,Sedan
1427371990182,Hatchback
1427452763310,Sedan
1427453919522,Hatchback
1427457442305,Hatchback
1427473443806,Hatchback
1427476236955,Sedan
1427509517792,Hatchback
1427519054691,Hatchback
1427521669642,Sedan
1427534075296,Sedan
1427545717504,Sedan
1427597654543,Hatchback
1427625797564,Sedan
1427681726713,Hatchback
1427722341665,Hatchback
1427776859360,Hatchback
1427793750782,Hatchback
1427797903612,Hatchback
1427887814732,Hatchback
1427891228306,Hatchback
1427949822091,Hatchback
1428055000038,Hatchback
1428055531728,Hatchback
1428070098546,Hatchback
1428211008118,Sedan
1428276732798,Hatchback
1428304013741,Nano
1428325325464,Hatchback
1428396932775,Sedan
1428414840775,Hatchback
1428506758004,Sedan
1428507255033,Hatchback
1428542673290,Nano
1428555897937,Hatchback
1428558137018,Hatchback
1428560482557,Hatchback
1428585405655,Sedan
1428626368245,Hatchback
1428628048899,Hatchback
1428653569508,Hatchback
1428663208633,Hatchback
1428681915596,Hatchback
1428720631725,Sedan
1428752238667,Sedan
1428753342769,Hatchback
1428759274642,Sedan
1428908634556,Hatchback
1428910644259,Hatchback
1428945481929,Hatchback
1429019403634,Nano
1429063530328,Hatchback
1429158577747,Hatchback
1429172621147,Hatchback
1429190759298,Sedan
1429255931923,Hatchback
1429263260469,Nano
1429280416666,Sedan
1429368043067,Sedan
1429415842824,Nano
1429530414875,Nano
1429541828624,Sedan
1429594445251,Sedan
1429626356048,Hatchback
1429690650324,Sedan
1429765575333,Hatchback
1429836125450,Hatchback
1429843614384,Hatchback
1430134746318,Hatchback
1430206614963,Sedan
1430206614968,Sedan
1430206760775,Nano
1430217095626,Sedan
1430217615783,Hatchback
1430223535891,Sedan
1430232801618,Hatchback
1430266437904,Hatchback
1430295266392,Hatchback
1430299129206,Nano
1430365494451,Hatchback
1430390270330,Sedan
1430450161522,Sedan
1430569376666,Hatchback
1430610662704,Hatchback
1430785325769,Hatchback
1430821856492,Hatchback
1430828640310,Sedan
1430830773656,Sedan
1430896457428,Sedan
1430912840172,Hatchback
1430984932001,Hatchback
1430996656992,Sedan
1431004535298,Sedan
1431005635562,Nano
1431171248893,Hatchback
1431331938589,Hatchback
1431418566532,Sedan
1431434029321,Hatchback
1431445887799,Sedan
1431518805749,Hatchback
1431525881339,Hatchback
1431602174777,SUV
1431603533827,Hatchback
1431609784578,Hatchback
1431622945801,Hatchback
1431677755262,Sedan
1431701273907,Hatchback
1431769254057,Sedan
1431780216256,Hatchback
1431941237655,Sedan
1431945761038,Sedan
1431956140686,Hatchback
1431972918734,Hatchback
1432018540254,Hatchback
1432040734521,Sedan
1432041458544,Hatchback
1432108125605,Hatchback
1432112630431,Hatchback
1432166766782,Sedan
1432209595611,Hatchback
1432214112174,Hatchback
1432220041494,Sedan
1432378281031,Sedan
1432399465086,Hatchback
1432432622070,Sedan
1432528262884,Nano
1432549871129,Hatchback
1432594938290,Sedan
1432599036801,Nano
1432600383530,Sedan
1432623643690,Sedan
1432625557999,Sedan
1432626508144,Nano
1432644534623,Hatchback
1432645707723,Hatchback
1432689040997,Hatchback
1432691065807,Hatchback
1432693211651,Sedan
1432814584194,Sedan
1432826626288,Hatchback
1432865300372,Sedan
1432867578906,Hatchback
1432914965406,Sedan
1432920145289,Sedan
1432954606822,Sedan
1432956001473,Hatchback
1432990567192,Hatchback
1432993255343,Hatchback
1433032508346,Sedan
1433044527031,Hatchback
1433048064758,Hatchback
1433048721775,Hatchback
1433148556250,Hatchback
1433164432531,Hatchback
1433174617364,Hatchback
1433235378860,Hatchback
1433238149952,Sedan
1433248998920,Hatchback
1433249179388,Hatchback
1433251426953,Sedan
1433252713643,Hatchback
1433252885986,Hatchback
1433266090135,Hatchback
1433319815014,Sedan
1433337627306,Hatchback
1433410392107,Hatchback
1433414537224,Hatchback
1433427628276,Hatchback
1433430089131,Hatchback
1433495230276,Sedan
1433508479884,Sedan
1433556375967,Hatchback
1433562601414,Hatchback
1433568714813,Hatchback
1433583067783,Sedan
1433584824598,Hatchback
1433587796767,Sedan
1433647035451,Hatchback
1433649226397,Sedan
1433654622605,Sedan
1433680192304,Hatchback
1433725719859,Hatchback
1433751075270,Hatchback
1433753814303,Hatchback
1433766303347,Hatchback
1433768910494,Sedan
1433785262155,Hatchback
1433805768185,Sedan
1433816675046,Hatchback
1433826593027,Hatchback
1433841078363,Hatchback
1433871566899,Sedan
1433903007441,Sedan
1433912063893,Hatchback
1433918304131,Sedan
1433938434256,Hatchback
1433939164333,Sedan
1433940014842,Sedan
1433951758856,Hatchback
1433998030838,Hatchback
1434015801587,Hatchback
1434019624397,Hatchback
1434025933914,Hatchback
1434026109227,Hatchback
1434032133943,Hatchback
1434032994951,Hatchback
1434065394130,Sedan
1434072993304,Hatchback
1434086287876,Hatchback
1434107286290,Hatchback
1434109860781,Hatchback
1434112699785,Sedan
1434128666541,Hatchback
1434192190145,Sedan
1434195479588,Hatchback
1434200670140,Sedan
1434204962162,Hatchback
1434267847014,Hatchback
1434358344920,Sedan
1434368081322,Hatchback
1434370224913,Sedan
1434433640062,Sedan
1434455257357,Sedan
1434455697604,Hatchback
1434524378117,Sedan
1434550302565,Hatchback
1434560143596,Sedan
1434614787753,Sedan
1434617371833,Sedan
1434621625747,Sedan
1434623865832,Hatchback
1434629166789,Hatchback
1434629332223,Hatchback
1434680001142,Sedan
1434682054473,Sedan
1434700751907,Sedan
1434707450025,Sedan
1434708712833,Sedan
1434711248039,Hatchback
1434711691744,Sedan
1434723814724,Sedan
1434775055895,Sedan
1434796034156,Hatchback
1434796416419,Hatchback
1434852319408,SUV
1434963010576,Hatchback
1434964334837,Hatchback
1434966731814,Sedan
1434974224331,Hatchback
1434979289845,Sedan
1435036544781,Hatchback
1435067014926,Sedan
1435116691956,Hatchback
1435123930425,Sedan
1435133469845,Sedan
1435134547576,Hatchback
1435136444224,Hatchback
1435152770920,Hatchback
1435204144927,Sedan
1435216863377,Hatchback
1435216922172,Hatchback
1435243978642,Sedan
1435297758945,Nano
1435313254124,Sedan
1435313979890,Hatchback
1435320119183,Sedan
1435323222333,Hatchback
1435326116232,Hatchback
1435339575122,Hatchback
1435389107948,Hatchback
1435393801538,Hatchback
1435393929705,Hatchback
1435407527483,Hatchback
1435414009070,Hatchback
1435465555110,Hatchback
1435506102798,Hatchback
1435562039356,Hatchback
1435652905117,Sedan
1435663869170,Hatchback
1435667556789,Hatchback
1435669698527,Hatchback
1435678451915,Sedan
1435795156474,Sedan
1435841113266,Sedan
1435906091632,Hatchback
1435924051368,Hatchback
1435924414630,Hatchback
1435994046041,Sedan
1436046055595,Sedan
1436250451084,Nano
1436288266296,Hatchback
1436317676845,Nano
1436432177405,Sedan
1436515672468,Nano
1436613813862,Hatchback
1436638881686,Hatchback
1436664936185,Hatchback
1436669409437,Hatchback
1436783469552,Hatchback
1436789164670,Hatchback
1436852993412,Hatchback
1437037080946,Hatchback
1437095128512,Hatchback
1437220815564,Hatchback
1437223323770,Sedan
1437470327575,Hatchback
1437519490917,Sedan
1437567533168,Hatchback
1437578857111,Sedan
1437633458709,Hatchback
1437675304281,Sedan
1437709521859,Sedan
1437715983859,Sedan
1437718105189,Hatchback
1437720364290,Hatchback
1437727396122,Hatchback
1437729244762,Hatchback
1437751690710,Sedan
1437811093068,Sedan
1437816607901,Sedan
1437823038309,Sedan
1437825462132,Hatchback
1437829390282,Hatchback
1437918920600,Hatchback
1437985762238,Sedan
1438010417447,Sedan
1438051311224,Sedan
1438056085436,Sedan
1438075723828,Sedan
1438079028240,Hatchback
1438089564231,Sedan
1438096780342,Hatchback
1438097044489,Hatchback
1438130262191,Hatchback
1438143888741,Nano
1438156897556,Sedan
1438157470967,Sedan
1438173479791,Sedan
1438175489930,Hatchback
1438233466179,Sedan
1438256135572,Sedan
1438261382292,Sedan
1438263745297,Hatchback
1438264101178,Hatchback
1438264537801,Hatchback
1438315304766,Hatchback
1438336772535,Hatchback
1438339700397,Sedan
1438344831459,Hatchback
1438363794812,Sedan
1438390441868,Sedan
1438414228577,Hatchback
1438419302781,Sedan
1438421716750,Hatchback
1438422272895,Hatchback
1438427345662,Sedan
1438439038828,Sedan
1438443457777,Hatchback
1438448289942,Sedan
1438452579728,Hatchback
1438486428481,Hatchback
1438502838863,Hatchback
1438514768422,Sedan
1438518552635,Hatchback
1438562076975,Hatchback
1438564686190,Sedan
1438587204145,Sedan
1438604315762,Hatchback
1438606737027,Hatchback
1438611806674,Sedan
1438614781665,Hatchback
1438677863197,Hatchback
1438696946901,Sedan
1438708299877,Hatchback
1438739865652,Hatchback
1438752146359,Sedan
1438779413047,Hatchback
1438821183025,Sedan
1438851232187,Sedan
1438858576654,Sedan
1438862314343,Hatchback
1438912976410,Hatchback
1438920133574,Hatchback
1438943055621,Sedan
1438946280083,Sedan
1438949831466,Sedan
1438950632410,Hatchback
1438950689944,Hatchback
1438950905315,Hatchback
1438959250688,Hatchback
1438962780375,Hatchback
1438966988504,Sedan
1438996739060,Hatchback
1439031188850,Sedan
1439031650985,Hatchback
1439033759268,Sedan
1439038795213,Sedan
1439040923427,Hatchback
1439040993369,Hatchback
1439048857179,Sedan
1439088589609,Sedan
1439093318010,Hatchback
1439108465397,Hatchback
1439175074305,Hatchback
1439177420144,Hatchback
1439185493716,Hatchback
1439198657814,Sedan
1439201356184,Sedan
1439203259726,Hatchback
1439211371074,Hatchback
1439211938594,Sedan
1439212736337,Hatchback
1439213348002,Sedan
1439214431610,Sedan
1439215206887,Sedan
1439281111278,Sedan
1439281111279,Hatchback
1439283570072,Hatchback
1439284836315,Hatchback
1439285513733,Hatchback
1439286264650,Sedan
1439290071554,Hatchback
1439292637268,Hatchback
1439293597619,Hatchback
1439295071791,Hatchback
1439296477479,Sedan
1439297893115,Hatchback
1439302458272,Hatchback
1439302587443,Hatchback
1439303366681,Hatchback
1439307649814,Hatchback
1439308960960,Hatchback
1439314500228,Hatchback
1439324863728,Sedan
1439334260255,Sedan
1439337034336,Sedan
1439343148948,Hatchback
1439343265071,Hatchback
1439344908835,Hatchback
1439364657912,Hatchback
1439369887041,Hatchback
1439369913334,Sedan
1439371305583,Sedan
1439372508500,Hatchback
1439373346797,Sedan
1439375200803,Sedan
1439380666974,Sedan
1439382698042,Hatchback
1439385806834,Hatchback
1439402776429,Hatchback
1439430390593,Hatchback
1439430546298,Hatchback
1439433911426,Hatchback
1439445532189,Hatchback
1439449367200,Hatchback
1439451168425,Sedan
1439451174899,Hatchback
1439454703256,Nano
1439461151940,Sedan
1439463427749,Hatchback
1439465865603,Sedan
1439467262609,Hatchback
1439470719949,Sedan
1439472519421,Hatchback
1439473490666,Hatchback
1439474846524,Hatchback
1439475133413,Hatchback
1439476370483,Hatchback
1439479221754,Sedan
1439509797009,Sedan
1439515530349,Sedan
1439517318430,Sedan
1439519960218,Hatchback
1439520687825,Sedan
1439521201493,Hatchback
1439541186455,Hatchback
1439549163889,Sedan
1439549364705,Hatchback
1439555205406,Hatchback
1439567056131,Hatchback
1439569442474,Hatchback
1439612523339,Hatchback
1439618608280,Hatchback
1439625891007,Hatchback
1439697126730,Hatchback
1439735096006,Hatchback
1439774517979,Sedan
1439804142516,Hatchback
1439807410008,Hatchback
1439810685252,Hatchback
1439814213876,Hatchback
1439814348614,Hatchback
1439814577255,Hatchback
1439818677791,Hatchback
1439824427494,Sedan
1439828323618,Hatchback
1439864764036,Hatchback
1439866113108,Sedan
1439887118166,Sedan
1439889523439,Sedan
1439894244470,Hatchback
1439894640507,Hatchback
1439895949169,Hatchback
1439896298081,Hatchback
1439898715153,Hatchback
1439899850947,Hatchback
1439899998871,Hatchback
1439900132187,Hatchback
1439903250730,Sedan
1439909707707,Hatchback
1439919744027,Hatchback
1439919850358,Hatchback
1439944184703,Hatchback
1439947185060,Sedan
1439947807250,Hatchback
1439948103312,Sedan
1439950759853,Hatchback
1439952798013,Hatchback
1439967473522,Hatchback
1439968679720,Hatchback
1439970898141,Nano
1439972000007,Sedan
1439973802564,Hatchback
1439979096838,Hatchback
1439980789540,Hatchback
1439985549416,Hatchback
1439985588763,Sedan
1439988146445,Hatchback
1439989859708,Hatchback
1439990385181,Hatchback
1439993780094,Sedan
1439994280366,Sedan
1439994997914,Sedan
1440002924832,Sedan
1440013086033,Sedan
1440030729605,Hatchback
1440031317090,Hatchback
1440033449512,Hatchback
1440034379120,Hatchback
1440035978546,Hatchback
1440037454967,Hatchback
1440038684437,Hatchback
1440041113444,Hatchback
1440047329998,Sedan
1440056636869,Hatchback
1440056998543,Hatchback
1440062735598,Hatchback
1440064500027,Hatchback
1440066633018,Hatchback
1440067791323,Sedan
1440068930577,Sedan
1440072370499,Sedan
1440073106774,Sedan
1440073307565,Sedan
1440073982570,Hatchback
1440074728466,Sedan
1440076162651,Hatchback
1440077795633,Hatchback
1440078320647,Hatchback
1440081959348,Hatchback
1440084885627,Sedan
1440086036950,Sedan
1440095019313,Hatchback
1440099676539,Hatchback
1440116404491,Sedan
1440121229484,Sedan
1440122198639,Sedan
1440124571225,Hatchback
1440131517793,Sedan
1440134431591,Hatchback
1440137289861,Hatchback
1440137346565,Sedan
1440139099707,Hatchback
1440140588791,Hatchback
1440143100174,Hatchback
1440145278692,Hatchback
1440148724243,Sedan
1440149252934,Hatchback
1440151200740,Hatchback
1440151686022,Sedan
1440153879490,Hatchback
1440155226168,Hatchback
1440161063549,Hatchback
1440171580017,Sedan
